{
    "features": [
        "bedrooms",
        "bathrooms",
        "sqft_living",
        "sqft_lot",
        "floors",
        "condition",
        "grade",
        "sqft_above"
    ],
    "best_params": {
        "xgb__learning_rate": 0.1,
        "xgb__max_depth": 5,
        "xgb__n_estimators": 100
    },
    "best_score": -47336963291.85955,
    "rmse": 236362.49676723333,
    "mae": 139990.78578078738,
    "r2": 0.6265250542454202
}