{
    "model": "SVM_GridSearch",
    "params": {
        "C": 10,
        "epsilon": 0.5,
        "kernel": "linear"
    },
    "metrics": {
        "RMSE": 77541787963.74423,
        "R\u00b2": 0.4870784871151519
    }
}